{
    "genblk10IX16:ZN": 0.31621706229663804,
    "genblk12IX12:ZN": 0.4586860204921006,
    "genblk12IX16:ZN": 0.31085048503311796,
    "genblk27IX8:ZN": 0.39224337109806484,
    "genblk28IX8:ZN": 0.4,
    "genblk14IX12:ZN": 0.46520896340848594,
    "IX12:I": 0.32715496050517956,
    "IX12:ZN": 0.39050109628725416,
    "genblk10IX12:ZN": 0.4661534765642701
}