{
    "I": 0.4543521167296438,
    "genblk10IX16:ZN": 0.32567686393031137,
    "IX12:I": 0.33083659524268616,
    "IX12:ZN": 0.38777859213576393,
    "genblk27IX8:ZN": 0.403937335734724,
    "genblk12IX12:ZN": 0.45669162376573524,
    "genblk12IX16:ZN": 0.3045063391467808,
    "genblk14IX12:ZN": 0.46597998989857636,
    "genblk28IX8:ZN": 0.25238904771032367,
    "Z": 0.4
}