{
    "genblk14IX2:ZN": 0.390076020019249,
    "genblk15IX2:ZN": 0.39703953336136166,
    "genblk16IX2:ZN": 0.3443822078036298,
    "genblk13IX2:ZN": 0.3922731313519314,
    "genblk11IX2:ZN": 0.3902020274935438,
    "genblk12IX2:ZN": 0.39378294972730465,
    "I": 0.3919566375894852,
    "genblk17IX2:ZN": 0.6517286454766165,
    "Z": 0.4
}