{
    "genblk14BX4:Z": 0.3924985588622292,
    "genblk15BX4:Z": 0.38291246809643553,
    "genblk16BX4:Z": 0.4022737190855139,
    "genblk17BX4:Z": 0.3399083785207182,
    "genblk18BX4:Z": 0.657466289889598,
    "genblk10BX4:Z": 0.3913431253233579,
    "genblk11BX4:Z": 0.39117341445454556,
    "genblk12BX4:Z": 0.3892124354188695,
    "genblk13BX4:Z": 0.390524559535379,
    "I": 0.3935485144530182,
    "Z": 0.4
}