{
    "genblk11IX2:ZN": 0.39199190146619056,
    "genblk12IX2:ZN": 0.3928392838675414,
    "genblk10IX2:ZN": 0.39288954889850336,
    "genblk16IX2:ZN": 0.3886215469653962,
    "genblk17IX2:ZN": 0.3930727817552935,
    "genblk13IX2:ZN": 0.3924401206625454,
    "genblk15IX2:ZN": 0.3921595040628105,
    "genblk14IX2:ZN": 0.3894469519578223,
    "genblk18IX2:ZN": 0.4
}